Workbook

Sheet JAN
A1: LAPORAN LOGISTIK
A2: JANUARI 2026
A4: I. PERALATAN DAN PERLENGKAPAN TERNAK
B5: NO | C5: NAMA ALAT | D5: STOK AWAL | G5: PEMBELIAN | J5: PENJUALAN | M5: STOK AKHIR
D6: UNIT | E6: HARGA | F6: RP | G6: UNIT | H6: HARGA | I6: RP | J6: UNIT | K6: HARGA | L6: RP | M6: UNIT | N6: RP
B7: 1 | C7: MILK CAN | D7: 6 | E7: 650000 | F7: =D7*E7 -> 3900000 | I7: =G7*H7 -> 0 | L7: =J7*K7 -> 0 | M7: =D7+G7-J7 -> 6 | N7: =F7+I7-L7 -> 3900000
B8: 2 | C8: SARINGAN MILK CAN | D8: 24 | E8: 130000 | F8: =D8*E8 -> 3120000 | I8: =G8*H8 -> 0 | L8: =J8*K8 -> 0 | M8: =D8+G8-J8 -> 24 | N8: =F8+I8-L8 -> 3120000
B9: 3 | C9: TIMBA PERAH | D9: 32 | E9: 125000 | F9: =D9*E9 -> 4000000 | I9: =G9*H9 -> 0 | L9: =J9*K9 -> 0 | M9: =D9+G9-J9 -> 32 | N9: =F9+I9-L9 -> 4000000
B10: 4 | C10: BRANGUS SAPI | D10: 85 | E10: 15000 | F10: =D10*E10 -> 1275000 | I10: =G10*H10 -> 0 | L10: =J10*K10 -> 0 | M10: =D10+G10-J10 -> 85 | N10: =F10+I10-L10 -> 1275000
B11: 5 | C11: ALAT CELUP | D11: 175 | E11: 50000 | F11: =D11*E11 -> 8750000 | I11: =G11*H11 -> 0 | L11: =J11*K11 -> 0 | M11: =D11+G11-J11 -> 175 | N11: =F11+I11-L11 -> 8750000
B12: TOTAL | F12: =SUM(F7:F11) -> 21045000 | I12: =SUM(I7:I11) -> 0 | J12: =SUM(J7:J11) -> 0 | K12: =SUM(K7:K11) -> 0 | L12: =SUM(L7:L11) -> 0 | N12: =SUM(N7:N11) -> 21045000
A14: II. PENJUALAN MAKANAN TERNAK
B15: NO | C15: NAMA PAKAN | D15: TUNAI | G15: POTONGAN RUTIN (I&II) | J15: PIUTANG (III) | M15: PROGRAM BUNTING | P15: JUMLAH
D16: KG | E16: HARGA | F16: RP | G16: KG | H16: HARGA | I16: RP | J16: KG | K16: HARGA | L16: RP | M16: KG | N16: HARGA | O16: RP | P16: KG | Q16: RP
B17: 1 | C17: MF. A18 AGGT SUB | F17: =D17*E17 -> 0 | G17: 4150 | H17: 3900 | I17: =G17*H17 -> 16185000 | J17: 2250 | K17: 3900 | L17: =J17*K17 -> 8775000 | O17: =M17*N17 -> 0 | P17: =G17+D17+J17+M17 -> 6400 | Q17: =I17+F17+L17+O17 -> 24960000
B18: 2 | C18: MAGNESIUM | D18: 7 | E18: 30000 | F18: =D18*E18 -> 210000 | G18: 8 | H18: 30000 | I18: =G18*H18 -> 240000 | L18: =J18*K18 -> 0 | O18: =M18*N18 -> 0 | P18: =G18+D18+J18+M18 -> 15 | Q18: =I18+F18+L18+O18 -> 450000
B19: 3 | C19: DCP | D19: 15 | E19: 25000 | F19: =D19*E19 -> 375000 | H19: 25000 | I19: =G19*H19 -> 0 | L19: =J19*K19 -> 0 | O19: =M19*N19 -> 0 | P19: =G19+D19+J19+M19 -> 15 | Q19: =I19+F19+L19+O19 -> 375000
B20: 4 | C20: MF A20 SUB | D20: 23500 | E20: 4000 | F20: =D20*E20 -> 94000000 | G20: 20850 | H20: 4000 | I20: =G20*H20 -> 83400000 | J20: 11150 | K20: 4000 | L20: =J20*K20 -> 44600000 | M20: 500 | N20: 4000 | O20: =M20*N20 -> 2000000 | P20: =G20+D20+J20+M20 -> 56000 | Q20: =I20+F20+L20+O20 -> 224000000
B21: 5 | C21: MF A20 NON SUB | D21: 2150 | E21: 4200 | F21: =D21*E21 -> 9030000 | I21: =G21*H21 -> 0 | L21: =J21*K21 -> 0 | O21: =M21*N21 -> 0 | P21: =G21+D21+J21+M21 -> 2150 | Q21: =I21+F21+L21+O21 -> 9030000
B22: 6 | C22: MF A20 NON ANGG | D22: 950 | E22: 4400 | F22: =D22*E22 -> 4180000 | I22: =G22*H22 -> 0 | L22: =J22*K22 -> 0 | O22: =M22*N22 -> 0 | P22: =G22+D22+J22+M22 -> 950 | Q22: =I22+F22+L22+O22 -> 4180000
B23: JUMLAH TOTAL | D23: =SUM(D17:D22) -> 26622 | F23: =SUM(F17:F22) -> 107795000 | G23: =SUM(G17:G22) -> 25008 | I23: =SUM(I17:I22) -> 99825000 | J23: =SUM(J17:J22) -> 13400 | L23: =SUM(L17:L22) -> 53375000 | M23: =SUM(M17:M22) -> 500 | O23: =SUM(O17:O22) -> 2000000 | P23: =SUM(P17:P22) -> 65530 | Q23: =SUM(Q17:Q22) -> 262995000
A26: III. PEMBELIAN MAKANAN TERNAK | H26: IV. STOK MAKANAN TERNAK
B27: NO | C27: NAMA PAKAN | D27: KG | E27: HARGA | F27: RP | H27: NO | I27: NAMA PAKAN | J27: STOK AWAL | K27: PEMBELIAN | L27: SIAP JUAL | M27: PENJUALAN | N27: SUSUT | O27: STOK AKHIR | P27: HARGA | Q27: JUMLAH (RP)
B28: 1 | C28: MF. A18 AGGT SUB | D28: 0 | F28: =D28*E28 -> 0 | H28: 1 | I28: MIX FEED A18 | J28: 7850 | K28: =D28 -> 0 | L28: =SUM(J28:K28) -> 7850 | M28: =P17 -> 6400 | N28: 100 | O28: =L28-M28-N28 -> 1350 | P28: 3900 | Q28: =O28*P28 -> 5265000
B29: 2 | C29: MAGNESIUM | D29: 56 | E29: 25000 | F29: =D29*E29 -> 1400000 | H29: 2 | I29: MAGNESIUM | J29: 0 | K29: =D29 -> 56 | L29: =SUM(J29:K29) -> 56 | M29: =P18 -> 15 | N29: 0 | O29: =L29-M29-N29 -> 41 | P29: 30000 | Q29: =O29*P29 -> 1230000
B30: 3 | C30: DCP | D30: 300 | E30: 22000 | F30: =D30*E30 -> 6600000 | H30: 3 | I30: DCP | J30: 18 | K30: =D30 -> 300 | L30: =SUM(J30:K30) -> 318 | M30: =P19 -> 15 | N30: 0 | O30: =L30-M30-N30 -> 303 | P30: 25000 | Q30: =O30*P30 -> 7575000
B31: 4 | C31: MIX FEED A20 TUNAI | D31: 32000 | E31: 4200 | F31: =D31*E31 -> 134400000 | H31: 4 | I31: MIX FEED A20 | J31: 36500 | K31: =D31+D32 -> 72000 | L31: =SUM(J31:K31) -> 108500 | M31: =P20+P22+P21 -> 59100 | N31: 350 | O31: =L31-M31-N31 -> 49050 | P31: 4000 | Q31: =O31*P31 -> 196200000
B32: 5 | C32: MIX FEED A20 NESTLE | D32: 40000 | E32: 3960 | F32: =D32*E32 -> 158400000 | O32: JUMLAH | Q32: =SUM(Q28:Q31) -> 210270000
B33: JUMLAH TOTAL | D33: =SUM(D28:D32) -> 72356 | F33: =SUM(F28:F32) -> 300800000
K35: Pacet, 15 Pebruari 2026
F36: Manager | K36: Kabag. Logistik
F40: Drh. M. Ilham S. | K40: Krisdianto
A44: V. PENJUALAN BELUM TERTAGIH
B45: NO | C45: NAMA PAKAN | D45: KG | E45: HARGA | F45: JUMLAH
B46: 1 | C46: MF. A18 AGGT SUB | D46: 2600 | E46: 3900 | F46: =D46*E46 -> 10140000
B47: 2 | C47: MF A20 SUB
C49: JUMLAH | F49: =SUM(F46:F48) -> 10140000
G5052: 9

Sheet FEB
A1: LAPORAN LOGISTIK
A2: FEBRUARI 2026
A4: I. PERALATAN DAN PERLENGKAPAN TERNAK
B5: NO | C5: NAMA ALAT | D5: STOK AWAL | G5: PEMBELIAN | J5: PENJUALAN | M5: STOK AKHIR
D6: UNIT | E6: HARGA | F6: RP | G6: UNIT | H6: HARGA | I6: RP | J6: UNIT | K6: HARGA | L6: RP | M6: UNIT | N6: RP
B7: 1 | C7: MILK CAN | D7: 6 | E7: 650000 | F7: =D7*E7 -> 3900000 | I7: =G7*H7 -> 0 | L7: =J7*K7 -> 0 | M7: =D7+G7-J7 -> 6 | N7: =F7+I7-L7 -> 3900000
B8: 2 | C8: SARINGAN MILK CAN | D8: 24 | E8: 130000 | F8: =D8*E8 -> 3120000 | I8: =G8*H8 -> 0 | L8: =J8*K8 -> 0 | M8: =D8+G8-J8 -> 24 | N8: =F8+I8-L8 -> 3120000
B9: 3 | C9: TIMBA PERAH | D9: 32 | E9: 125000 | F9: =D9*E9 -> 4000000 | I9: =G9*H9 -> 0 | L9: =J9*K9 -> 0 | M9: =D9+G9-J9 -> 32 | N9: =F9+I9-L9 -> 4000000
B10: 4 | C10: BRANGUS SAPI | D10: 85 | E10: 15000 | F10: =D10*E10 -> 1275000 | I10: =G10*H10 -> 0 | L10: =J10*K10 -> 0 | M10: =D10+G10-J10 -> 85 | N10: =F10+I10-L10 -> 1275000
B11: 5 | C11: ALAT CELUP | D11: 175 | E11: 50000 | F11: =D11*E11 -> 8750000 | I11: =G11*H11 -> 0 | L11: =J11*K11 -> 0 | M11: =D11+G11-J11 -> 175 | N11: =F11+I11-L11 -> 8750000
B12: TOTAL | F12: =SUM(F7:F11) -> 21045000 | I12: =SUM(I7:I11) -> 0 | J12: =SUM(J7:J11) -> 0 | K12: =SUM(K7:K11) -> 0 | L12: =SUM(L7:L11) -> 0 | N12: =SUM(N7:N11) -> 21045000
A14: II. PENJUALAN MAKANAN TERNAK
B15: NO | C15: NAMA PAKAN | D15: TUNAI | G15: POTONGAN RUTIN (I&II) | J15: PIUTANG (III) | M15: PROGRAM BUNTING | P15: JUMLAH
D16: KG | E16: HARGA | F16: RP | G16: KG | H16: HARGA | I16: RP | J16: KG | K16: HARGA | L16: RP | M16: KG | N16: HARGA | O16: RP | P16: KG | Q16: RP
B17: 1 | C17: MF. A18 AGGT SUB | F17: =D17*E17 -> 0 | G17: 1350 | H17: 3900 | I17: =G17*H17 -> 5265000 | K17: 3900 | L17: =J17*K17 -> 0 | O17: =M17*N17 -> 0 | P17: =G17+D17+J17+M17 -> 1350 | Q17: =I17+F17+L17+O17 -> 5265000
B18: 2 | C18: MAGNESIUM | D18: 6 | E18: 30000 | F18: =D18*E18 -> 180000 | H18: 30000 | I18: =G18*H18 -> 0 | L18: =J18*K18 -> 0 | O18: =M18*N18 -> 0 | P18: =G18+D18+J18+M18 -> 6 | Q18: =I18+F18+L18+O18 -> 180000
B19: 3 | C19: DCP | D19: 60 | E19: 25000 | F19: =D19*E19 -> 1500000 | G19: 6 | H19: 25000 | I19: =G19*H19 -> 150000 | J19: 6 | L19: =J19*K19 -> 0 | O19: =M19*N19 -> 0 | P19: =G19+D19+J19+M19 -> 72 | Q19: =I19+F19+L19+O19 -> 1650000
B20: 4 | C20: MF A20 SUB | D20: 17400 | E20: 4100 | F20: =D20*E20 -> 71340000 | G20: 25450 | H20: 4100 | I20: =G20*H20 -> 104345000 | J20: 13600 | K20: 4100 | L20: =J20*K20 -> 55760000 | M20: 400 | N20: 4100 | O20: =M20*N20 -> 1640000 | P20: =G20+D20+J20+M20 -> 56850 | Q20: =I20+F20+L20+O20 -> 233085000
B21: 5 | C21: MF A20 NON SUB | D21: 2050 | E21: 4200 | F21: =D21*E21 -> 8610000 | I21: =G21*H21 -> 0 | L21: =J21*K21 -> 0 | O21: =M21*N21 -> 0 | P21: =G21+D21+J21+M21 -> 2050 | Q21: =I21+F21+L21+O21 -> 8610000
B22: 6 | C22: MF A20 NON ANGG | D22: 900 | E22: 4400 | F22: =D22*E22 -> 3960000 | I22: =G22*H22 -> 0 | L22: =J22*K22 -> 0 | O22: =M22*N22 -> 0 | P22: =G22+D22+J22+M22 -> 900 | Q22: =I22+F22+L22+O22 -> 3960000
B23: JUMLAH TOTAL | D23: =SUM(D17:D22) -> 20416 | F23: =SUM(F17:F22) -> 85590000 | G23: =SUM(G17:G22) -> 26806 | I23: =SUM(I17:I22) -> 109760000 | J23: =SUM(J17:J22) -> 13606 | L23: =SUM(L17:L22) -> 55760000 | M23: =SUM(M17:M22) -> 400 | O23: =SUM(O17:O22) -> 1640000 | P23: =SUM(P17:P22) -> 61228 | Q23: =SUM(Q17:Q22) -> 252750000
A26: III. PEMBELIAN MAKANAN TERNAK | H26: IV. STOK MAKANAN TERNAK
B27: NO | C27: NAMA PAKAN | D27: KG | E27: HARGA | F27: RP | H27: NO | I27: NAMA PAKAN | J27: STOK AWAL | K27: PEMBELIAN | L27: SIAP JUAL | M27: PENJUALAN | N27: SUSUT | O27: STOK AKHIR | P27: HARGA | Q27: JUMLAH (RP)
B28: 1 | C28: MF. A18 AGGT SUB | D28: 0 | F28: =D28*E28 -> 0 | H28: 1 | I28: MIX FEED A18 | J28: =JAN!O28 -> 1350 | K28: =D28 -> 0 | L28: =SUM(J28:K28) -> 1350 | M28: =P17 -> 1350 | O28: =L28-M28-N28 -> 0 | P28: 3900 | Q28: =O28*P28 -> 0
B29: 2 | C29: MAGNESIUM | D29: 0 | E29: 25000 | F29: =D29*E29 -> 0 | H29: 2 | I29: MAGNESIUM | J29: =JAN!O29 -> 41 | K29: =D29 -> 0 | L29: =SUM(J29:K29) -> 41 | M29: =P18 -> 6 | N29: 0 | O29: =L29-M29-N29 -> 35 | P29: 30000 | Q29: =O29*P29 -> 1050000
B30: 3 | C30: DCP | E30: 22000 | F30: =D30*E30 -> 0 | H30: 3 | I30: DCP | J30: =JAN!O30 -> 303 | K30: =D30 -> 0 | L30: =SUM(J30:K30) -> 303 | M30: =P19 -> 72 | N30: 0 | O30: =L30-M30-N30 -> 231 | P30: 25000 | Q30: =O30*P30 -> 5775000
B31: 4 | C31: MIX FEED A20 TUNAI | D31: 16000 | E31: 4350 | F31: =D31*E31 -> 69600000 | H31: 4 | I31: MIX FEED A20 | J31: =JAN!O31 -> 49050 | K31: =D31+D32 -> 64000 | L31: =SUM(J31:K31) -> 113050 | M31: =P20+P21+P22 -> 59800 | N31: 100 | O31: =L31-M31-N31 -> 53150 | P31: 4000 | Q31: =O31*P31 -> 212600000
B32: 5 | C32: MIX FEED A20 NESTLE | D32: 48000 | E32: 4045 | F32: =D32*E32 -> 194160000 | O32: JUMLAH | Q32: =SUM(Q28:Q31) -> 219425000
B33: JUMLAH TOTAL | D33: =SUM(D28:D32) -> 64000 | F33: =SUM(F28:F32) -> 263760000
C35: ADA PEMBELIAN DCP 8JUTA TAPI TIDAK MASUK LAPORAN LOGISTIK KRN PEMBELINYA DARI MANAJER | K35: Pacet, 15 Maret 2026
F36: Manager | K36: Kabag. Logistik
F40: Drh. M. Ilham S. | K40: Krisdianto
G5055: 9

Sheet MAR
A1: LAPORAN LOGISTIK
A2: MARET 2026
A4: I. PERALATAN DAN PERLENGKAPAN TERNAK
B5: NO | C5: NAMA ALAT | D5: STOK AWAL | G5: PEMBELIAN | J5: PENJUALAN | M5: STOK AKHIR
D6: UNIT | E6: HARGA | F6: RP | G6: UNIT | H6: HARGA | I6: RP | J6: UNIT | K6: HARGA | L6: RP | M6: UNIT | N6: RP
B7: 1 | C7: MILK CAN | D7: 6 | E7: 650000 | F7: =D7*E7 -> 3900000 | I7: =G7*H7 -> 0 | L7: =J7*K7 -> 0 | M7: =D7+G7-J7 -> 6 | N7: =F7+I7-L7 -> 3900000
B8: 2 | C8: SARINGAN MILK CAN | D8: 24 | E8: 130000 | F8: =D8*E8 -> 3120000 | I8: =G8*H8 -> 0 | L8: =J8*K8 -> 0 | M8: =D8+G8-J8 -> 24 | N8: =F8+I8-L8 -> 3120000
B9: 3 | C9: TIMBA PERAH | D9: 32 | E9: 125000 | F9: =D9*E9 -> 4000000 | I9: =G9*H9 -> 0 | L9: =J9*K9 -> 0 | M9: =D9+G9-J9 -> 32 | N9: =F9+I9-L9 -> 4000000
B10: 4 | C10: BRANGUS SAPI | D10: 85 | E10: 15000 | F10: =D10*E10 -> 1275000 | I10: =G10*H10 -> 0 | L10: =J10*K10 -> 0 | M10: =D10+G10-J10 -> 85 | N10: =F10+I10-L10 -> 1275000
B11: 5 | C11: ALAT CELUP | D11: 175 | E11: 50000 | F11: =D11*E11 -> 8750000 | I11: =G11*H11 -> 0 | L11: =J11*K11 -> 0 | M11: =D11+G11-J11 -> 175 | N11: =F11+I11-L11 -> 8750000
B12: TOTAL | F12: =SUM(F7:F11) -> 21045000 | I12: =SUM(I7:I11) -> 0 | J12: =SUM(J7:J11) -> 0 | K12: =SUM(K7:K11) -> 0 | L12: =SUM(L7:L11) -> 0 | N12: =SUM(N7:N11) -> 21045000
A14: II. PENJUALAN MAKANAN TERNAK
B15: NO | C15: NAMA PAKAN | D15: TUNAI | G15: POTONGAN RUTIN (I&II) | J15: PIUTANG (III) | M15: PROGRAM BUNTING | P15: JUMLAH
D16: KG | E16: HARGA | F16: RP | G16: KG | H16: HARGA | I16: RP | J16: KG | K16: HARGA | L16: RP | M16: KG | N16: HARGA | O16: RP | P16: KG | Q16: RP
B17: 1 | C17: MF. A18 AGGT SUB | D17: 0 | F17: =D17*E17 -> 0 | H17: 3900 | I17: =G17*H17 -> 0 | K17: 3900 | L17: =J17*K17 -> 0 | O17: =M17*N17 -> 0 | P17: =G17+D17+J17 -> 0 | Q17: =I17+F17+L17 -> 0
B18: 2 | C18: MAGNESIUM | D18: 13 | E18: 30000 | F18: =D18*E18 -> 390000 | H18: 30000 | I18: =G18*H18 -> 0 | L18: =J18*K18 -> 0 | O18: =M18*N18 -> 0 | P18: =G18+D18+J18 -> 13 | Q18: =I18+F18+L18 -> 390000
B19: 3 | C19: DCP | D19: 22 | E19: 25000 | F19: =D19*E19 -> 550000 | H19: 25000 | I19: =G19*H19 -> 0 | L19: =J19*K19 -> 0 | O19: =M19*N19 -> 0 | P19: =G19+D19+J19 -> 22 | Q19: =I19+F19+L19 -> 550000
B20: 4 | C20: MF A20 SUB | D20: 20700 | E20: 4100 | F20: =D20*E20 -> 84870000 | G20: 27700 | H20: 4100 | I20: =G20*H20 -> 113570000 | J20: 13800 | K20: 4100 | L20: =J20*K20 -> 56580000 | M20: 600 | N20: 4100 | O20: =M20*N20 -> 2460000 | P20: =G20+D20+J20 -> 62200 | Q20: =I20+F20+L20 -> 255020000
B21: 5 | C21: MF A20 NON SUB | D21: 1750 | E21: 4200 | F21: =D21*E21 -> 7350000 | I21: =G21*H21 -> 0 | L21: =J21*K21 -> 0 | O21: =M21*N21 -> 0 | P21: =G21+D21+J21 -> 1750 | Q21: =I21+F21+L21 -> 7350000
B22: 6 | C22: MF A20 NON ANGG | D22: 650 | E22: 4400 | F22: =D22*E22 -> 2860000 | I22: =G22*H22 -> 0 | L22: =J22*K22 -> 0 | O22: =M22*N22 -> 0 | P22: =G22+D22+J22+M22 -> 650 | Q22: =I22+F22+L22+O22 -> 2860000
B23: JUMLAH TOTAL | D23: =SUM(D17:D22) -> 23135 | F23: =SUM(F17:F22) -> 96020000 | G23: =SUM(G17:G22) -> 27700 | I23: =SUM(I17:I22) -> 113570000 | J23: =SUM(J17:J22) -> 13800 | L23: =SUM(L17:L22) -> 56580000 | M23: =SUM(M17:M22) -> 600 | O23: =SUM(O17:O22) -> 2460000 | P23: =SUM(P17:P22) -> 64635 | Q23: =SUM(Q17:Q22) -> 266170000
A26: III. PEMBELIAN MAKANAN TERNAK | H26: IV. STOK MAKANAN TERNAK
B27: NO | C27: NAMA PAKAN | D27: KG | E27: HARGA | F27: RP | H27: NO | I27: NAMA PAKAN | J27: STOK AWAL | K27: PEMBELIAN | L27: SIAP JUAL | M27: PENJUALAN | N27: SUSUT | O27: STOK AKHIR | P27: HARGA | Q27: JUMLAH (RP)
B28: 1 | C28: MF. A18 AGGT SUB | D28: 0 | F28: =D28*E28 -> 0 | H28: 1 | I28: MIX FEED A18 | J28: =FEB!O28 -> 0 | K28: 0 | L28: =SUM(J28:K28) -> 0 | M28: =P17 -> 0 | O28: =L28-M28-N28 -> 0 | P28: 3900 | Q28: =O28*P28 -> 0
B29: 2 | C29: MAGNESIUM | D29: 0 | E29: 25000 | F29: =D29*E29 -> 0 | H29: 2 | I29: MAGNESIUM | J29: =FEB!O29 -> 35 | L29: =SUM(J29:K29) -> 35 | M29: =P18 -> 13 | N29: 0 | O29: =L29-M29-N29 -> 22 | P29: 30000 | Q29: =O29*P29 -> 660000
B30: 3 | C30: DCP | D30: 0 | E30: 22000 | F30: =D30*E30 -> 0 | H30: 3 | I30: DCP | J30: =FEB!O30 -> 231 | K30: 0 | L30: =SUM(J30:K30) -> 231 | M30: =P19 -> 22 | N30: 0 | O30: =L30-M30-N30 -> 209 | P30: 25000 | Q30: =O30*P30 -> 5225000
B31: 4 | C31: MIX FEED A20 TUNAI | D31: 16000 | E31: 4350 | F31: =D31*E31 -> 69600000 | H31: 4 | I31: MIX FEED A20 | J31: =FEB!O31 -> 53150 | K31: =D31+D32 -> 48000 | L31: =SUM(J31:K31) -> 101150 | M31: =P20+P21+P22 -> 64600 | N31: 100 | O31: =L31-M31-N31 -> 36450 | P31: 4000 | Q31: =O31*P31 -> 145800000
B32: 5 | C32: MIX FEED A20 NESTLE | D32: 32000 | E32: 4190 | F32: =D32*E32 -> 134080000 | O32: JUMLAH | Q32: =SUM(Q28:Q31) -> 151685000
B33: JUMLAH TOTAL | D33: =SUM(D28:D32) -> 48000 | F33: =SUM(F28:F32) -> 203680000
K35: Pacet, 15 April 2026
F36: Manager | K36: Kabag. Logistik
F40: Drh. M. Ilham S. | K40: Krisdianto
G5055: 9

Sheet APRIL
A1: LAPORAN LOGISTIK
A2: 46113
A4: I. PERALATAN DAN PERLENGKAPAN TERNAK
B5: NO | C5: NAMA ALAT | D5: STOK AWAL | G5: PEMBELIAN | J5: PENJUALAN | M5: STOK AKHIR
D6: UNIT | E6: HARGA | F6: RP | G6: UNIT | H6: HARGA | I6: RP | J6: UNIT | K6: HARGA | L6: RP | M6: UNIT | N6: RP
B7: 1 | C7: MILK CAN | D7: 6 | E7: 650000 | F7: =D7*E7 -> 3900000 | I7: =G7*H7 -> 0 | L7: =J7*K7 -> 0 | M7: =D7+G7-J7 -> 6 | N7: =F7+I7-L7 -> 3900000
B8: 2 | C8: SARINGAN MILK CAN | D8: 24 | E8: 130000 | F8: =D8*E8 -> 3120000 | I8: =G8*H8 -> 0 | L8: =J8*K8 -> 0 | M8: =D8+G8-J8 -> 24 | N8: =F8+I8-L8 -> 3120000
B9: 3 | C9: TIMBA PERAH | D9: 32 | E9: 125000 | F9: =D9*E9 -> 4000000 | I9: =G9*H9 -> 0 | L9: =J9*K9 -> 0 | M9: =D9+G9-J9 -> 32 | N9: =F9+I9-L9 -> 4000000
B10: 4 | C10: BRANGUS SAPI | D10: 85 | E10: 15000 | F10: =D10*E10 -> 1275000 | I10: =G10*H10 -> 0 | L10: =J10*K10 -> 0 | M10: =D10+G10-J10 -> 85 | N10: =F10+I10-L10 -> 1275000
B11: 5 | C11: ALAT CELUP | D11: 175 | E11: 50000 | F11: =D11*E11 -> 8750000 | I11: =G11*H11 -> 0 | L11: =J11*K11 -> 0 | M11: =D11+G11-J11 -> 175 | N11: =F11+I11-L11 -> 8750000
B12: TOTAL | F12: =SUM(F7:F11) -> 21045000 | I12: =SUM(I7:I11) -> 0 | J12: =SUM(J7:J11) -> 0 | K12: =SUM(K7:K11) -> 0 | L12: =SUM(L7:L11) -> 0 | N12: =SUM(N7:N11) -> 21045000
A14: II. PENJUALAN MAKANAN TERNAK
B15: NO | C15: NAMA PAKAN | D15: TUNAI | G15: POTONGAN RUTIN (I&II) | J15: PIUTANG (III) | M15: PROGRAM BUNTING | P15: JUMLAH
D16: KG | E16: HARGA | F16: RP | G16: KG | H16: HARGA | I16: RP | J16: KG | K16: HARGA | L16: RP | M16: KG | N16: HARGA | O16: RP | P16: KG | Q16: RP
B17: 1 | C17: MF. A18 AGGT SUB | D17: 0 | F17: =D17*E17 -> 0 | H17: 3900 | I17: =G17*H17 -> 0 | K17: 3900 | L17: =J17*K17 -> 0 | O17: =M17*N17 -> 0 | P17: =G17+D17+J17 -> 0 | Q17: =I17+F17+L17 -> 0
B18: 2 | C18: MAGNESIUM | E18: 30000 | F18: =D18*E18 -> 0 | H18: 30000 | I18: =G18*H18 -> 0 | L18: =J18*K18 -> 0 | O18: =M18*N18 -> 0 | P18: =G18+D18+J18 -> 0 | Q18: =I18+F18+L18 -> 0
B19: 3 | C19: DCP | E19: 25000 | F19: =D19*E19 -> 0 | G19: 6 | H19: 25000 | I19: =G19*H19 -> 150000 | L19: =J19*K19 -> 0 | O19: =M19*N19 -> 0 | P19: =G19+D19+J19 -> 6 | Q19: =I19+F19+L19 -> 150000
B20: 4 | C20: MF A20 SUB | D20: 21000 | E20: 4100 | F20: =D20*E20 -> 86100000 | G20: 27900 | H20: 4100 | I20: =G20*H20 -> 114390000 | J20: 13700 | K20: 4100 | L20: =J20*K20 -> 56170000 | M20: 400 | N20: 4100 | O20: =M20*N20 -> 1640000 | P20: =G20+D20+J20 -> 62600 | Q20: =I20+F20+L20 -> 256660000
B21: 5 | C21: MF A20 NON SUB | D21: 1800 | E21: 4200 | F21: =D21*E21 -> 7560000 | I21: =G21*H21 -> 0 | L21: =J21*K21 -> 0 | O21: =M21*N21 -> 0 | P21: =G21+D21+J21 -> 1800 | Q21: =I21+F21+L21 -> 7560000
B22: 6 | C22: MF A20 NON ANGG | D22: 700 | E22: 4400 | F22: =D22*E22 -> 3080000 | I22: =G22*H22 -> 0 | L22: =J22*K22 -> 0 | O22: =M22*N22 -> 0 | P22: =G22+D22+J22+M22 -> 700 | Q22: =I22+F22+L22+O22 -> 3080000
B23: JUMLAH TOTAL | D23: =SUM(D17:D22) -> 23500 | F23: =SUM(F17:F22) -> 96740000 | G23: =SUM(G17:G22) -> 27906 | I23: =SUM(I17:I22) -> 114540000 | J23: =SUM(J17:J22) -> 13700 | L23: =SUM(L17:L22) -> 56170000 | M23: =SUM(M17:M22) -> 400 | O23: =SUM(O17:O22) -> 1640000 | P23: =SUM(P17:P22) -> 65106 | Q23: =SUM(Q17:Q22) -> 267450000
A26: III. PEMBELIAN MAKANAN TERNAK | H26: IV. STOK MAKANAN TERNAK
B27: NO | C27: NAMA PAKAN | D27: KG | E27: HARGA | F27: RP | H27: NO | I27: NAMA PAKAN | J27: STOK AWAL | K27: PEMBELIAN | L27: SIAP JUAL | M27: PENJUALAN | N27: SUSUT | O27: STOK AKHIR | P27: HARGA | Q27: JUMLAH (RP)
B28: 1 | C28: MF. A18 AGGT SUB | D28: 0 | F28: =D28*E28 -> 0 | H28: 1 | I28: MIX FEED A18 | J28: =MAR!O28 -> 0 | K28: 0 | L28: =SUM(J28:K28) -> 0 | M28: =P17 -> 0 | O28: =L28-M28-N28 -> 0 | P28: 3900 | Q28: =O28*P28 -> 0
B29: 2 | C29: MAGNESIUM | D29: 0 | E29: 25000 | F29: =D29*E29 -> 0 | H29: 2 | I29: MAGNESIUM | J29: =MAR!O29 -> 22 | L29: =SUM(J29:K29) -> 22 | M29: =P18 -> 0 | N29: 0 | O29: =L29-M29-N29 -> 22 | P29: 30000 | Q29: =O29*P29 -> 660000
B30: 3 | C30: DCP | D30: 0 | E30: 22000 | F30: =D30*E30 -> 0 | H30: 3 | I30: DCP | J30: =MAR!O30 -> 209 | K30: 0 | L30: =SUM(J30:K30) -> 209 | M30: =P19 -> 6 | N30: 0 | O30: =L30-M30-N30 -> 203 | P30: 25000 | Q30: =O30*P30 -> 5075000
B31: 4 | C31: MIX FEED A20 TUNAI | D31: 24000 | E31: 4475 | F31: =D31*E31 -> 107400000 | H31: 4 | I31: MIX FEED A20 | J31: =MAR!O31 -> 36450 | K31: =D31+D32 -> 64000 | L31: =SUM(J31:K31) -> 100450 | M31: =P20+P21+P22 -> 65100 | N31: 250 | O31: =L31-M31-N31 -> 35100 | P31: 4100 | Q31: =O31*P31 -> 143910000
B32: 5 | C32: MIX FEED A20 NESTLE | D32: 40000 | E32: 4340 | F32: =D32*E32 -> 173600000 | O32: JUMLAH | Q32: =SUM(Q28:Q31) -> 149645000
B33: JUMLAH TOTAL | D33: =SUM(D28:D32) -> 64000 | F33: =SUM(F28:F32) -> 281000000
K35: Pacet, 15 Mei 2026
F36: Manager | K36: Kabag. Logistik
F40: Drh. M. Ilham S. | K40: Krisdianto
G5055: 9

Sheet MEI
A1: LAPORAN LOGISTIK
A2: 46143
A4: I. PERALATAN DAN PERLENGKAPAN TERNAK | T4: V. PIUTANG
B5: NO | C5: NAMA ALAT | D5: STOK AWAL | G5: PEMBELIAN | J5: PENJUALAN | M5: STOK AKHIR | U5: NO | V5: KETERANGAN | W5: PERIODE III | Z5: PROGRAM / BUNTING | AC5: PERALATAN | AF5: JUMLAH
D6: UNIT | E6: HARGA | F6: RP | G6: UNIT | H6: HARGA | I6: RP | J6: UNIT | K6: HARGA | L6: RP | M6: UNIT | N6: RP | W6: PIUTANG | X6: BAYAR | Y6: SISA PIUTANG | Z6: PIUTANG | AA6: BAYAR | AB6: SISA PIUTANG | AC6: PIUTANG | AD6: BAYAR | AE6: SISA PIUTANG | AF6: PIUTANG | AG6: BAYAR | AH6: SISA PIUTANG
B7: 1 | C7: MILK CAN | D7: 6 | E7: 650000 | F7: =D7*E7 -> 3900000 | I7: =G7*H7 -> 0 | J7: 1 | K7: 650000 | L7: =J7*K7 -> 650000 | M7: =D7+G7-J7 -> 5 | N7: =F7+I7-L7 -> 3250000 | U7: 1 | V7: JANUARI | W7: =JAN!L23 -> 53375000 | Y7: =W7-X7 -> 53375000 | Z7: =JAN!O23 -> 2000000 | AB7: =Z7-AA7 -> 2000000 | AE7: =AC7-AD7 -> 0 | AF7: =W7+Z7+AC7 -> 55375000 | AG7: =X7+AA7+AD7 -> 0 | AH7: =Y7+AB7+AE7 -> 55375000
B8: 2 | C8: SARINGAN MILK CAN | D8: 24 | E8: 130000 | F8: =D8*E8 -> 3120000 | I8: =G8*H8 -> 0 | L8: =J8*K8 -> 0 | M8: =D8+G8-J8 -> 24 | N8: =F8+I8-L8 -> 3120000 | U8: 2 | V8: PEBRUARI | W8: =FEB!L23 -> 55760000 | Y8: =W8-X8 -> 55760000 | Z8: =FEB!O23 -> 1640000 | AB8: =Z8-AA8 -> 1640000 | AE8: =AC8-AD8 -> 0 | AF8: =W8+Z8+AC8 -> 57400000 | AG8: =X8+AA8+AD8 -> 0 | AH8: =Y8+AB8+AE8 -> 57400000
B9: 3 | C9: TIMBA PERAH | D9: 32 | E9: 125000 | F9: =D9*E9 -> 4000000 | I9: =G9*H9 -> 0 | L9: =J9*K9 -> 0 | M9: =D9+G9-J9 -> 32 | N9: =F9+I9-L9 -> 4000000 | U9: 3 | V9: MARET | W9: =MAR!L23 -> 56580000 | Y9: =W9-X9 -> 56580000 | Z9: =MAR!O23 -> 2460000 | AB9: =Z9-AA9 -> 2460000 | AE9: =AC9-AD9 -> 0 | AF9: =W9+Z9+AC9 -> 59040000 | AG9: =X9+AA9+AD9 -> 0 | AH9: =Y9+AB9+AE9 -> 59040000
B10: 4 | C10: BRANGUS SAPI | D10: 85 | E10: 15000 | F10: =D10*E10 -> 1275000 | I10: =G10*H10 -> 0 | L10: =J10*K10 -> 0 | M10: =D10+G10-J10 -> 85 | N10: =F10+I10-L10 -> 1275000 | U10: 4 | V10: APRIL | W10: =APRIL!L23 -> 56170000 | Y10: =W10-X10 -> 56170000 | Z10: =APRIL!O23 -> 1640000 | AB10: =Z10-AA10 -> 1640000 | AE10: =AC10-AD10 -> 0 | AF10: =W10+Z10+AC10 -> 57810000 | AG10: =X10+AA10+AD10 -> 0 | AH10: =Y10+AB10+AE10 -> 57810000
B11: 5 | C11: ALAT CELUP | D11: 175 | E11: 50000 | F11: =D11*E11 -> 8750000 | I11: =G11*H11 -> 0 | L11: =J11*K11 -> 0 | M11: =D11+G11-J11 -> 175 | N11: =F11+I11-L11 -> 8750000 | U11: 5 | V11: MEI | W11: =L23 -> 62160000 | Y11: =W11-X11 -> 62160000 | Z11: =O23 -> 2520000 | AB11: =Z11-AA11 -> 2520000 | AC11: =L12 -> 650000 | AE11: =AC11-AD11 -> 650000 | AF11: =W11+Z11+AC11 -> 65330000 | AG11: =X11+AA11+AD11 -> 0 | AH11: =Y11+AB11+AE11 -> 65330000
B12: TOTAL | F12: =SUM(F7:F11) -> 21045000 | I12: =SUM(I7:I11) -> 0 | J12: =SUM(J7:J11) -> 1 | K12: =SUM(K7:K11) -> 650000 | L12: =SUM(L7:L11) -> 650000 | N12: =SUM(N7:N11) -> 20395000 | U12: 6 | V12: JUNI | Y12: =W12-X12 -> 0 | AB12: =Z12-AA12 -> 0 | AE12: =AC12-AD12 -> 0 | AF12: =W12+Z12+AC12 -> 0 | AG12: =X12+AA12+AD12 -> 0 | AH12: =Y12+AB12+AE12 -> 0
U13: 7 | V13: JULI | Y13: =W13-X13 -> 0 | AB13: =Z13-AA13 -> 0 | AE13: =AC13-AD13 -> 0 | AF13: =W13+Z13+AC13 -> 0 | AG13: =X13+AA13+AD13 -> 0 | AH13: =Y13+AB13+AE13 -> 0
A14: II. PENJUALAN MAKANAN TERNAK | U14: 8 | V14: AGUSTUS | Y14: =W14-X14 -> 0 | AB14: =Z14-AA14 -> 0 | AE14: =AC14-AD14 -> 0 | AF14: =W14+Z14+AC14 -> 0 | AG14: =X14+AA14+AD14 -> 0 | AH14: =Y14+AB14+AE14 -> 0
B15: NO | C15: NAMA PAKAN | D15: TUNAI | G15: POTONGAN RUTIN (I&II) | J15: PIUTANG (III) | M15: PROGRAM BUNTING | P15: JUMLAH | U15: 9 | V15: SEPTEMBER | Y15: =W15-X15 -> 0 | AB15: =Z15-AA15 -> 0 | AE15: =AC15-AD15 -> 0 | AF15: =W15+Z15+AC15 -> 0 | AG15: =X15+AA15+AD15 -> 0 | AH15: =Y15+AB15+AE15 -> 0
D16: KG | E16: HARGA | F16: RP | G16: KG | H16: HARGA | I16: RP | J16: KG | K16: HARGA | L16: RP | M16: KG | N16: HARGA | O16: RP | P16: KG | Q16: RP | U16: 10 | V16: OKTOBER | Y16: =W16-X16 -> 0 | AB16: =Z16-AA16 -> 0 | AE16: =AC16-AD16 -> 0 | AF16: =W16+Z16+AC16 -> 0 | AG16: =X16+AA16+AD16 -> 0 | AH16: =Y16+AB16+AE16 -> 0
B17: 1 | C17: MF. A18 AGGT SUB | D17: 0 | F17: =D17*E17 -> 0 | I17: =G17*H17 -> 0 | L17: =J17*K17 -> 0 | O17: =M17*N17 -> 0 | P17: =G17+D17+J17 -> 0 | Q17: =I17+F17+L17 -> 0 | U17: 11 | V17: NOPEMBER | Y17: =W17-X17 -> 0 | AB17: =Z17-AA17 -> 0 | AE17: =AC17-AD17 -> 0 | AF17: =W17+Z17+AC17 -> 0 | AG17: =X17+AA17+AD17 -> 0 | AH17: =Y17+AB17+AE17 -> 0
B18: 2 | C18: MAGNESIUM | D18: 22 | E18: 35000 | F18: =D18*E18 -> 770000 | H18: 35000 | I18: =G18*H18 -> 0 | L18: =J18*K18 -> 0 | O18: =M18*N18 -> 0 | P18: =G18+D18+J18 -> 22 | Q18: =I18+F18+L18 -> 770000 | U18: 12 | V18: DESEMBER | Y18: =W18-X18 -> 0 | AB18: =Z18-AA18 -> 0 | AE18: =AC18-AD18 -> 0 | AF18: =W18+Z18+AC18 -> 0 | AG18: =X18+AA18+AD18 -> 0 | AH18: =Y18+AB18+AE18 -> 0
B19: 3 | C19: DCP | D19: 70 | E19: 25000 | F19: =D19*E19 -> 1750000 | H19: 25000 | I19: =G19*H19 -> 0 | L19: =J19*K19 -> 0 | O19: =M19*N19 -> 0 | P19: =G19+D19+J19 -> 70 | Q19: =I19+F19+L19 -> 1750000
B20: 4 | C20: MF A20 RATIO | D20: 16000 | E20: 4200 | F20: =D20*E20 -> 67200000 | G20: 28850 | H20: 4200 | I20: =G20*H20 -> 121170000 | J20: 14800 | K20: 4200 | L20: =J20*K20 -> 62160000 | M20: 600 | N20: 4200 | O20: =M20*N20 -> 2520000 | P20: =G20+D20+J20 -> 59650 | Q20: =I20+F20+L20 -> 250530000 | W20: =SUM(W7:W19) -> 284045000 | X20: =SUM(X7:X19) -> 0 | Y20: =SUM(Y7:Y19) -> 284045000 | Z20: =SUM(Z7:Z19) -> 10260000 | AA20: =SUM(AA7:AA19) -> 0 | AB20: =SUM(AB7:AB19) -> 10260000 | AC20: =SUM(AC7:AC19) -> 650000 | AD20: =SUM(AD7:AD19) -> 0 | ... AH20: =SUM(AH7:AH19) -> 294955000
B21: 5 | C21: MF A20 NON RATIO | D21: 8800 | E21: 4500 | F21: =D21*E21 -> 39600000 | I21: =G21*H21 -> 0 | L21: =J21*K21 -> 0 | O21: =M21*N21 -> 0 | P21: =G21+D21+J21 -> 8800 | Q21: =I21+F21+L21 -> 39600000
B23: JUMLAH TOTAL | D23: =SUM(D17:D22) -> 24892 | F23: =SUM(F17:F22) -> 109320000 | G23: =SUM(G17:G22) -> 28850 | I23: =SUM(I17:I22) -> 121170000 | J23: =SUM(J17:J22) -> 14800 | L23: =SUM(L17:L22) -> 62160000 | M23: =SUM(M17:M22) -> 600 | O23: =SUM(O17:O22) -> 2520000 | P23: =SUM(P17:P22) -> 68542 | Q23: =SUM(Q17:Q22) -> 292650000
A26: III. PEMBELIAN MAKANAN TERNAK | H26: IV. STOK MAKANAN TERNAK
B27: NO | C27: NAMA PAKAN | D27: KG | E27: HARGA | F27: RP | H27: NO | I27: NAMA PAKAN | J27: STOK AWAL | K27: PEMBELIAN | L27: SIAP JUAL | M27: PENJUALAN | N27: SUSUT | O27: STOK AKHIR | P27: HARGA | Q27: JUMLAH (RP)
B28: 1 | C28: MF. A18 AGGT SUB | D28: 0 | F28: =D28*E28 -> 0 | H28: 1 | I28: MIX FEED A18 | J28: =MAR!O28 -> 0 | K28: 0 | L28: =SUM(J28:K28) -> 0 | M28: =P17 -> 0 | O28: =L28-M28-N28 -> 0 | Q28: =O28*P28 -> 0
B29: 2 | C29: MAGNESIUM | D29: 75 | E29: 30000 | F29: =D29*E29 -> 2250000 | H29: 2 | I29: MAGNESIUM | J29: =MAR!O29 -> 22 | K29: 75 | L29: =SUM(J29:K29) -> 97 | M29: =P18 -> 22 | N29: 0 | O29: =L29-M29-N29 -> 75 | P29: 30000 | Q29: =O29*P29 -> 2250000
B30: 3 | C30: DCP | D30: 0 | E30: 22000 | F30: =D30*E30 -> 0 | H30: 3 | I30: DCP | J30: =APRIL!O30 -> 203 | K30: 0 | L30: =SUM(J30:K30) -> 203 | M30: =P19 -> 70 | N30: 0 | O30: =L30-M30-N30 -> 133 | P30: 25000 | Q30: =O30*P30 -> 3325000
B31: 4 | C31: MIX FEED A20 TUNAI | D31: 24000 | E31: 4475 | F31: =D31*E31 -> 107400000 | H31: 4 | I31: MIX FEED A20 | J31: =APRIL!O31 -> 35100 | K31: =D31+D32 -> 64000 | L31: =SUM(J31:K31) -> 99100 | M31: =P20+P21+P22 -> 68450 | N31: 200 | O31: =L31-M31-N31 -> 30450 | P31: 4100 | Q31: =O31*P31 -> 124845000
B32: 5 | C32: MIX FEED A20 NESTLE | D32: 40000 | E32: 4320 | F32: =D32*E32 -> 172800000 | O32: JUMLAH | Q32: =SUM(Q28:Q31) -> 130420000
B33: JUMLAH TOTAL | D33: =SUM(D28:D32) -> 64075 | F33: =SUM(F28:F32) -> 282450000
K35: Pacet, 16 JUNI 2026
F36: Manager | K36: Kabag. Logistik
F40: Drh. M. Ilham S. | K40: Krisdianto
G5057: 9

Sheet JUNI
A1: LAPORAN LOGISTIK
A2: 46174
A4: I. PERALATAN DAN PERLENGKAPAN TERNAK | T4: V. PIUTANG
B5: NO | C5: NAMA ALAT | D5: STOK AWAL | G5: PEMBELIAN | J5: PENJUALAN | M5: STOK AKHIR | U5: NO | V5: KETERANGAN | W5: PERIODE III | Z5: PROGRAM / BUNTING | AC5: PERALATAN | AF5: JUMLAH
D6: UNIT | E6: HARGA | F6: RP | G6: UNIT | H6: HARGA | I6: RP | J6: UNIT | K6: HARGA | L6: RP | M6: UNIT | N6: RP | W6: PIUTANG | X6: BAYAR | Y6: SISA PIUTANG | Z6: PIUTANG | AA6: BAYAR | AB6: SISA PIUTANG | AC6: PIUTANG | AD6: BAYAR | AE6: SISA PIUTANG | AF6: PIUTANG | AG6: BAYAR | AH6: SISA PIUTANG
B7: 1 | C7: MILK CAN | D7: 6 | E7: 650000 | F7: =D7*E7 -> 3900000 | I7: =G7*H7 -> 0 | J7: 1 | K7: 650000 | L7: =J7*K7 -> 650000 | M7: =D7+G7-J7 -> 5 | N7: =F7+I7-L7 -> 3250000 | U7: 1 | V7: JANUARI | W7: =JAN!L23 -> 53375000 | Y7: =W7-X7 -> 53375000 | Z7: =JAN!O23 -> 2000000 | AB7: =Z7-AA7 -> 2000000 | AE7: =AC7-AD7 -> 0 | AF7: =W7+Z7+AC7 -> 55375000 | AG7: =X7+AA7+AD7 -> 0 | AH7: =Y7+AB7+AE7 -> 55375000
B8: 2 | C8: SARINGAN MILK CAN | D8: 24 | E8: 130000 | F8: =D8*E8 -> 3120000 | I8: =G8*H8 -> 0 | L8: =J8*K8 -> 0 | M8: =D8+G8-J8 -> 24 | N8: =F8+I8-L8 -> 3120000 | U8: 2 | V8: PEBRUARI | W8: =FEB!L23 -> 55760000 | Y8: =W8-X8 -> 55760000 | Z8: =FEB!O23 -> 1640000 | AB8: =Z8-AA8 -> 1640000 | AE8: =AC8-AD8 -> 0 | AF8: =W8+Z8+AC8 -> 57400000 | AG8: =X8+AA8+AD8 -> 0 | AH8: =Y8+AB8+AE8 -> 57400000
B9: 3 | C9: TIMBA PERAH | D9: 32 | E9: 125000 | F9: =D9*E9 -> 4000000 | I9: =G9*H9 -> 0 | L9: =J9*K9 -> 0 | M9: =D9+G9-J9 -> 32 | N9: =F9+I9-L9 -> 4000000 | U9: 3 | V9: MARET | W9: =MAR!L23 -> 56580000 | Y9: =W9-X9 -> 56580000 | Z9: =MAR!O23 -> 2460000 | AB9: =Z9-AA9 -> 2460000 | AE9: =AC9-AD9 -> 0 | AF9: =W9+Z9+AC9 -> 59040000 | AG9: =X9+AA9+AD9 -> 0 | AH9: =Y9+AB9+AE9 -> 59040000
B10: 4 | C10: BRANGUS SAPI | D10: 85 | E10: 15000 | F10: =D10*E10 -> 1275000 | I10: =G10*H10 -> 0 | L10: =J10*K10 -> 0 | M10: =D10+G10-J10 -> 85 | N10: =F10+I10-L10 -> 1275000 | U10: 4 | V10: APRIL | W10: =APRIL!L23 -> 56170000 | Y10: =W10-X10 -> 56170000 | Z10: =APRIL!O23 -> 1640000 | AB10: =Z10-AA10 -> 1640000 | AE10: =AC10-AD10 -> 0 | AF10: =W10+Z10+AC10 -> 57810000 | AG10: =X10+AA10+AD10 -> 0 | AH10: =Y10+AB10+AE10 -> 57810000
B11: 5 | C11: ALAT CELUP | D11: 175 | E11: 50000 | F11: =D11*E11 -> 8750000 | I11: =G11*H11 -> 0 | L11: =J11*K11 -> 0 | M11: =D11+G11-J11 -> 175 | N11: =F11+I11-L11 -> 8750000 | U11: 5 | V11: MEI | W11: =L23 -> 48510000 | Y11: =W11-X11 -> 48510000 | Z11: =O23 -> 2100000 | AB11: =Z11-AA11 -> 2100000 | AC11: =L12 -> 650000 | AE11: =AC11-AD11 -> 650000 | AF11: =W11+Z11+AC11 -> 51260000 | AG11: =X11+AA11+AD11 -> 0 | AH11: =Y11+AB11+AE11 -> 51260000
B12: TOTAL | F12: =SUM(F7:F11) -> 21045000 | I12: =SUM(I7:I11) -> 0 | J12: =SUM(J7:J11) -> 1 | K12: =SUM(K7:K11) -> 650000 | L12: =SUM(L7:L11) -> 650000 | N12: =SUM(N7:N11) -> 20395000 | U12: 6 | V12: JUNI | Y12: =W12-X12 -> 0 | AB12: =Z12-AA12 -> 0 | AE12: =AC12-AD12 -> 0 | AF12: =W12+Z12+AC12 -> 0 | AG12: =X12+AA12+AD12 -> 0 | AH12: =Y12+AB12+AE12 -> 0
U13: 7 | V13: JULI | Y13: =W13-X13 -> 0 | AB13: =Z13-AA13 -> 0 | AE13: =AC13-AD13 -> 0 | AF13: =W13+Z13+AC13 -> 0 | AG13: =X13+AA13+AD13 -> 0 | AH13: =Y13+AB13+AE13 -> 0
A14: II. PENJUALAN MAKANAN TERNAK | U14: 8 | V14: AGUSTUS | Y14: =W14-X14 -> 0 | AB14: =Z14-AA14 -> 0 | AE14: =AC14-AD14 -> 0 | AF14: =W14+Z14+AC14 -> 0 | AG14: =X14+AA14+AD14 -> 0 | AH14: =Y14+AB14+AE14 -> 0
B15: NO | C15: NAMA PAKAN | D15: TUNAI | G15: POTONGAN RUTIN (I&II) | J15: PIUTANG (III) | M15: PROGRAM BUNTING | P15: JUMLAH | U15: 9 | V15: SEPTEMBER | Y15: =W15-X15 -> 0 | AB15: =Z15-AA15 -> 0 | AE15: =AC15-AD15 -> 0 | AF15: =W15+Z15+AC15 -> 0 | AG15: =X15+AA15+AD15 -> 0 | AH15: =Y15+AB15+AE15 -> 0
D16: KG | E16: HARGA | F16: RP | G16: KG | H16: HARGA | I16: RP | J16: KG | K16: HARGA | L16: RP | M16: KG | N16: HARGA | O16: RP | P16: KG | Q16: RP | U16: 10 | V16: OKTOBER | Y16: =W16-X16 -> 0 | AB16: =Z16-AA16 -> 0 | AE16: =AC16-AD16 -> 0 | AF16: =W16+Z16+AC16 -> 0 | AG16: =X16+AA16+AD16 -> 0 | AH16: =Y16+AB16+AE16 -> 0
B17: 1 | C17: MF. A18 AGGT SUB | D17: 0 | F17: =D17*E17 -> 0 | I17: =G17*H17 -> 0 | L17: =J17*K17 -> 0 | O17: =M17*N17 -> 0 | P17: =G17+D17+J17 -> 0 | Q17: =I17+F17+L17 -> 0 | U17: 11 | V17: NOPEMBER | Y17: =W17-X17 -> 0 | AB17: =Z17-AA17 -> 0 | AE17: =AC17-AD17 -> 0 | AF17: =W17+Z17+AC17 -> 0 | AG17: =X17+AA17+AD17 -> 0 | AH17: =Y17+AB17+AE17 -> 0
B18: 2 | C18: MAGNESIUM | E18: 35000 | F18: =D18*E18 -> 0 | G18: 6 | H18: 35000 | I18: =G18*H18 -> 210000 | L18: =J18*K18 -> 0 | O18: =M18*N18 -> 0 | P18: =G18+D18+J18 -> 6 | Q18: =I18+F18+L18 -> 210000 | U18: 12 | V18: DESEMBER | Y18: =W18-X18 -> 0 | AB18: =Z18-AA18 -> 0 | AE18: =AC18-AD18 -> 0 | AF18: =W18+Z18+AC18 -> 0 | AG18: =X18+AA18+AD18 -> 0 | AH18: =Y18+AB18+AE18 -> 0
B19: 3 | C19: DCP | D19: 10 | E19: 25000 | F19: =D19*E19 -> 250000 | G19: 8 | H19: 25000 | I19: =G19*H19 -> 200000 | L19: =J19*K19 -> 0 | O19: =M19*N19 -> 0 | P19: =G19+D19+J19 -> 18 | Q19: =I19+F19+L19 -> 450000
B20: 4 | C20: MF A20 RATIO | D20: 19400 | E20: 4200 | F20: =D20*E20 -> 81480000 | G20: 26400 | H20: 4200 | I20: =G20*H20 -> 110880000 | J20: 11550 | K20: 4200 | L20: =J20*K20 -> 48510000 | M20: 500 | N20: 4200 | O20: =M20*N20 -> 2100000 | P20: =G20+D20+J20 -> 57350 | Q20: =I20+F20+L20 -> 240870000 | W20: =SUM(W7:W19) -> 270395000 | X20: =SUM(X7:X19) -> 0 | Y20: =SUM(Y7:Y19) -> 270395000 | Z20: =SUM(Z7:Z19) -> 9840000 | AA20: =SUM(AA7:AA19) -> 0 | AB20: =SUM(AB7:AB19) -> 9840000 | AC20: =SUM(AC7:AC19) -> 650000 | AD20: =SUM(AD7:AD19) -> 0 | ... AH20: =SUM(AH7:AH19) -> 280885000
B21: 5 | C21: MF A20 NON RATIO | D21: 9050 | E21: 4500 | F21: =D21*E21 -> 40725000 | I21: =G21*H21 -> 0 | L21: =J21*K21 -> 0 | O21: =M21*N21 -> 0 | P21: =G21+D21+J21 -> 9050 | Q21: =I21+F21+L21 -> 40725000
B23: JUMLAH TOTAL | D23: =SUM(D17:D22) -> 28460 | F23: =SUM(F17:F22) -> 122455000 | G23: =SUM(G17:G22) -> 26414 | I23: =SUM(I17:I22) -> 111290000 | J23: =SUM(J17:J22) -> 11550 | L23: =SUM(L17:L22) -> 48510000 | M23: =SUM(M17:M22) -> 500 | O23: =SUM(O17:O22) -> 2100000 | P23: =SUM(P17:P22) -> 66424 | Q23: =SUM(Q17:Q22) -> 282255000
A26: III. PEMBELIAN MAKANAN TERNAK | H26: IV. STOK MAKANAN TERNAK
B27: NO | C27: NAMA PAKAN | D27: KG | E27: HARGA | F27: RP | H27: NO | I27: NAMA PAKAN | J27: STOK AWAL | K27: PEMBELIAN | L27: SIAP JUAL | M27: PENJUALAN | N27: SUSUT | O27: STOK AKHIR | P27: HARGA | Q27: JUMLAH (RP)
B28: 1 | C28: MF. A18 AGGT SUB | D28: 0 | F28: =D28*E28 -> 0 | H28: 1 | I28: MIX FEED A18 | J28: =MAR!O28 -> 0 | K28: 0 | L28: =SUM(J28:K28) -> 0 | M28: =P17 -> 0 | O28: =L28-M28-N28 -> 0 | Q28: =O28*P28 -> 0
B29: 2 | C29: MAGNESIUM | D29: 0 | E29: 30000 | F29: =D29*E29 -> 0 | H29: 2 | I29: MAGNESIUM | J29: =MEI!O29 -> 75 | K29: 0 | L29: =SUM(J29:K29) -> 75 | M29: =P18 -> 6 | N29: 0 | O29: =L29-M29-N29 -> 69 | P29: 30000 | Q29: =O29*P29 -> 2070000
B30: 3 | C30: DCP | D30: 0 | E30: 22000 | F30: =D30*E30 -> 0 | H30: 3 | I30: DCP | J30: =MEI!O30 -> 133 | K30: 0 | L30: =SUM(J30:K30) -> 133 | M30: =P19 -> 18 | N30: 0 | O30: =L30-M30-N30 -> 115 | P30: 25000 | Q30: =O30*P30 -> 2875000
B31: 4 | C31: MIX FEED A20 TUNAI | D31: 24000 | E31: 4475 | F31: =D31*E31 -> 107400000 | H31: 4 | I31: MIX FEED A20 | J31: =MEI!O31 -> 30450 | K31: =D31+D32 -> 64000 | L31: =SUM(J31:K31) -> 94450 | M31: =P20+P21+P22 -> 66400 | N31: 150 | O31: =L31-M31-N31 -> 27900 | P31: 4100 | Q31: =O31*P31 -> 114390000
B32: 5 | C32: MIX FEED A20 NESTLE | D32: 40000 | E32: 4360 | F32: =D32*E32 -> 174400000 | O32: JUMLAH | Q32: =SUM(Q28:Q31) -> 119335000
B33: JUMLAH TOTAL | D33: =SUM(D28:D32) -> 64000 | F33: =SUM(F28:F32) -> 281800000
K35: Pacet, 16 JULI 2026
F36: Manager | K36: Kabag. Logistik
F40: Drh. M. Ilham S. | K40: Krisdianto
G5057: 9
